-- MySQL Script generated by MySQL Workbench
-- 05/29/18 22:41:35
-- Model: New Model    Version: 1.0
-- MySQL Workbench Forward Engineering

SET @OLD_UNIQUE_CHECKS=@@UNIQUE_CHECKS, UNIQUE_CHECKS=0;
SET @OLD_FOREIGN_KEY_CHECKS=@@FOREIGN_KEY_CHECKS, FOREIGN_KEY_CHECKS=0;
SET @OLD_SQL_MODE=@@SQL_MODE, SQL_MODE='TRADITIONAL,ALLOW_INVALID_DATES';

-- -----------------------------------------------------
-- Schema TutorVirtual
-- -----------------------------------------------------

-- -----------------------------------------------------
-- Schema TutorVirtual
-- -----------------------------------------------------
CREATE SCHEMA IF NOT EXISTS `TutorVirtual` DEFAULT CHARACTER SET utf8 COLLATE utf8_unicode_ci ;
USE `TutorVirtual` ;

-- -----------------------------------------------------
-- Table `TutorVirtual`.`vocabularioEspanol`
-- -----------------------------------------------------
CREATE TABLE IF NOT EXISTS `TutorVirtual`.`vocabularioEspanol` (
  `idvocabularioEspanol` INT NOT NULL AUTO_INCREMENT COMMENT '',
  `palabraEspanol` VARCHAR(100) NOT NULL COMMENT '',
  `sonidoEspanol` VARCHAR(100) NOT NULL COMMENT '',
  `imagenEspanol` VARCHAR(50) NOT NULL COMMENT '',
  PRIMARY KEY (`idvocabularioEspanol`)  COMMENT '')
ENGINE = InnoDB;


-- -----------------------------------------------------
-- Table `TutorVirtual`.`modulo`
-- -----------------------------------------------------
CREATE TABLE IF NOT EXISTS `TutorVirtual`.`modulo` (
  `idmodulo` INT NOT NULL AUTO_INCREMENT COMMENT '',
  `moduloespanol` VARCHAR(100) NOT NULL COMMENT '',
  `modulokiche` VARCHAR(100) NOT NULL COMMENT '',
  `moduloingles` VARCHAR(100) NOT NULL COMMENT '',
  `imagenmodulo` VARCHAR(50) NOT NULL COMMENT '',
  `unidad` INT NOT NULL COMMENT '',
  PRIMARY KEY (`idmodulo`)  COMMENT '')
ENGINE = InnoDB;


-- -----------------------------------------------------
-- Table `TutorVirtual`.`puntuacionesAltas`
-- -----------------------------------------------------
CREATE TABLE IF NOT EXISTS `TutorVirtual`.`puntuacionesAltas` (
  `idpuntuacionesAltas` INT NOT NULL AUTO_INCREMENT COMMENT '',
  `nombreEstudiante` VARCHAR(250) NOT NULL COMMENT '',
  `puntuacion` INT NOT NULL COMMENT '',
  `idioma1` VARCHAR(100) NOT NULL COMMENT '',
  `idioma2` VARCHAR(100) NOT NULL COMMENT '',
  PRIMARY KEY (`idpuntuacionesAltas`)  COMMENT '')
ENGINE = InnoDB;


-- -----------------------------------------------------
-- Table `TutorVirtual`.`vocabularioKiche`
-- -----------------------------------------------------
CREATE TABLE IF NOT EXISTS `TutorVirtual`.`vocabularioKiche` (
  `idvocabularioKiche` INT NOT NULL AUTO_INCREMENT COMMENT '',
  `palabraKiche` VARCHAR(100) NOT NULL COMMENT '',
  `sonidokiche` VARCHAR(100) NOT NULL COMMENT '',
  `imagenKiche` VARCHAR(50) NOT NULL COMMENT '',
  PRIMARY KEY (`idvocabularioKiche`)  COMMENT '')
ENGINE = InnoDB;


-- -----------------------------------------------------
-- Table `TutorVirtual`.`vocabularioIngles`
-- -----------------------------------------------------
CREATE TABLE IF NOT EXISTS `TutorVirtual`.`vocabularioIngles` (
  `idvocabularioIngles` INT NOT NULL AUTO_INCREMENT COMMENT '',
  `palabraIngles` VARCHAR(100) NOT NULL COMMENT '',
  `sonidoIngles` VARCHAR(100) NOT NULL COMMENT '',
  `imagenIngles` VARCHAR(50) NOT NULL COMMENT '',
  PRIMARY KEY (`idvocabularioIngles`)  COMMENT '')
ENGINE = InnoDB;


-- -----------------------------------------------------
-- Table `TutorVirtual`.`modulolenguas`
-- -----------------------------------------------------
CREATE TABLE IF NOT EXISTS `TutorVirtual`.`modulolenguas` (
  `idmodulolenguas` INT NOT NULL AUTO_INCREMENT COMMENT '',
  `idvocabularioIngles` INT NOT NULL COMMENT '',
  `idvocabularioEspanol` INT NOT NULL COMMENT '',
  `idvocabularioKiche` INT NOT NULL COMMENT '',
  `idmodulo` INT NOT NULL COMMENT '',
  PRIMARY KEY (`idmodulolenguas`, `idvocabularioIngles`, `idvocabularioEspanol`, `idvocabularioKiche`, `idmodulo`)  COMMENT '',
  INDEX `fk_modulolenguas_vocabularioIngles_idx` (`idvocabularioIngles` ASC)  COMMENT '',
  INDEX `fk_modulolenguas_vocabularioEspañol1_idx` (`idvocabularioEspanol` ASC)  COMMENT '',
  INDEX `fk_modulolenguas_vocabularioKiche1_idx` (`idvocabularioKiche` ASC)  COMMENT '',
  INDEX `fk_modulolenguas_modulo1_idx` (`idmodulo` ASC)  COMMENT '',
  CONSTRAINT `fk_modulolenguas_vocabularioIngles`
    FOREIGN KEY (`idvocabularioIngles`)
    REFERENCES `TutorVirtual`.`vocabularioIngles` (`idvocabularioIngles`)
    ON DELETE NO ACTION
    ON UPDATE NO ACTION,
  CONSTRAINT `fk_modulolenguas_vocabularioEspañol1`
    FOREIGN KEY (`idvocabularioEspanol`)
    REFERENCES `TutorVirtual`.`vocabularioEspanol` (`idvocabularioEspanol`)
    ON DELETE NO ACTION
    ON UPDATE NO ACTION,
  CONSTRAINT `fk_modulolenguas_vocabularioKiche1`
    FOREIGN KEY (`idvocabularioKiche`)
    REFERENCES `TutorVirtual`.`vocabularioKiche` (`idvocabularioKiche`)
    ON DELETE NO ACTION
    ON UPDATE NO ACTION,
  CONSTRAINT `fk_modulolenguas_modulo1`
    FOREIGN KEY (`idmodulo`)
    REFERENCES `TutorVirtual`.`modulo` (`idmodulo`)
    ON DELETE NO ACTION
    ON UPDATE NO ACTION)
ENGINE = InnoDB;


SET SQL_MODE=@OLD_SQL_MODE;
SET FOREIGN_KEY_CHECKS=@OLD_FOREIGN_KEY_CHECKS;
SET UNIQUE_CHECKS=@OLD_UNIQUE_CHECKS;


INSERT INTO `modulo` (`idmodulo`,`moduloespanol`, `modulokiche`, `moduloingles`, `imagenmodulo`,`unidad`) VALUES
(1, 'Familia', 'Alixik', 'Family', 'modulo1.png','1'),
(2, 'Colores', 'Ukayib''al jastaq', 'Colors', 'modulo2.png','1'),
(3, 'Dias', 'Q''ij', 'Days', 'modulo3.png','1'),
(4, 'Numeros', 'Ajilab''äl', 'Numbers', 'modulo4.png','1'),
(5, 'Cuerpo', 'B''aqil', 'Body', 'modulo1.png','2'),
(6, 'Animales', 'Chikop', 'Animals', 'modulo2.png','2'),
(7, 'Frutas', 'uwach che''', 'Fruits', 'modulo3.png','2'),
(8, 'Escuela', 'tijob''al', 'School', 'modulo4.png','2'),
(9, 'Vegetales', 'Ichaj', 'vegetables', 'modulo1.png','3'),
(10, 'Comida', 'rikil', 'Food', 'modulo2.png','3'),
(11, 'Ropa', 'atz''iyaq', 'Clothes', 'modulo3.png','3'),
(12, 'Lugares', 'K''lib''al', 'Places', 'modulo4.png','3'),
(13, 'Naturaleza', 'Alixik', 'Nature', 'modulo1.png','4'),
(14, 'Ciudad', 'Nimatinamit', 'City', 'modulo2.png','4'),
(15, 'Profesiones', 'Qeqele''n', 'Professions', 'modulo3.png','4'),
(16, 'Tecnologia', 'no''jb''anem', 'tecnologhy', 'modulo4.png','4');

INSERT INTO `vocabularioespanol` (`idvocabularioEspanol`, `palabraEspanol`, `sonidoEspanol`, `imagenEspanol`) VALUES
(1, 'Familia', '1-familia.wav', 'familia.png'),
(2, 'Padre', '2-padre.wav', 'padre.png'),
(3, 'Madre', '3-madre.wav', 'madre.png'),
(4, 'Hijo', '4-hijo.wav', 'hijo.png'),
(5, 'Hija', '5-hija.wav', 'hija.png'),
(6, 'Abuelo', '6-abuelo.wav', 'abuelo.png'),
(7, 'Abuela', '7-abuela.wav', 'abuela.png'),
(8, 'Nieto','8-nieto.wav', 'nieto.png'),
(9, 'Tio', '9-tio.wav', 'tio.png'),
(10, 'Sobrino', '10-sobrino.wav', 'sobrino.png'),
(11, 'Colores', '1-colores.wav', 'colores.png'),
(12, 'Rojo', '2-rojo.wav', 'rojo.png'),
(13, 'Azul', '3-azul.wav', 'azul.png'),
(14, 'Verde', '4-verde.wav', 'verde.png'),
(15, 'Amarillo', '5-amarillo.wav', 'amarillo.png'),
(16, 'Anaranjado', '6-anaranjado.wav', 'anaranjado.png'),
(17, 'Cafe', '7-cafe.wav', 'cafe.png'),
(18, 'Blanco','8-blanco.wav', 'blanco.png'),
(19, 'Negro', '9-negro.wav', 'negro.png'),
(20, 'Gris', '10-gris.wav', 'gris.png'),
(21, 'Dias', '1-dias.wav', 'dias.png'),
(22, 'Domingo', '2-domingo.wav', 'domingo.png'),
(23, 'Lunes', '3-lunes.wav', 'lunes.png'),
(24, 'Martes', '4-martes.wav', 'martes.png'),
(25, 'Miercoles', '5-miercoles.wav', 'miercoles.png'),
(26, 'Jueves', '6-jueves.wav', 'juevez.png'),
(27, 'Viernes', '7-viernes.wav', 'viernes.png'),
(28, 'Sabado','8-sabado.wav', 'sabado.png'),
(29, 'Mes', '9-mes.wav', 'mes.png'),
(30, 'Ano', '10-ano.wav', 'ano.png'),
(31, 'Cero', '1-cero.wav', 'cero.png'),
(32, 'Uno', '2-uno.wav', 'uno.png'),
(33, 'Dos', '3-dos.wav', 'dos.png'),
(34, 'Tres', '4-tres.wav', 'tres.png'),
(35, 'Cuatro', '5-cuatro.wav', 'cuatro.png'),
(36, 'Cinco', '6-cinco.wav', 'cinco.png'),
(37, 'Seis','7-seis.wav', 'seis.png'),
(38, 'Siete', '8-siete.wav', 'siete.png'),
(39, 'Ocho', '9-ocho.wav', 'ocho.png'),
(40, 'Nueve', '10-nueve.wav', 'nueve.png'),
(41, 'Cabeza', '1-cabeza.wav', 'cabeza.png'),
(42, 'Cabello', '2-cabello.wav', 'cabello.png'),
(43, 'Ojos', '3-ojos.wav', 'ojo.png'),
(44, 'Nariz', '4-nariz.wav', 'nariz.png'),
(45, 'Oido', '5-oido.wav', 'oido.png'),
(46, 'Boca', '6-boca.wav', 'boca.png'),
(47, 'Diente', '7-diente.wav', 'diente.png'),
(48, 'Lengua','8-lengua.wav', 'lengua.png'),
(49, 'Mano', '9-mano.wav', 'mano.png'),
(50, 'Pie', '10-pie.wav', 'pie.png'),

(51, 'Perro', '1-perro.wav', 'perro.png'),
(52, 'Gato', '2-gato.wav', 'gato.png'),
(53, 'Pato', '3-pato.wav', 'pato.png'),
(54, 'Buho', '4-buho.wav', 'buho.png'),
(55, 'Mariposa', '5-mariposa.wav', 'mariposa.png'),
(56, 'Gallo', '6-gallo.wav', 'gallo.png'),
(57, 'Gallina', '7-gallina.wav', 'gallina.png'),
(58, 'Conejo','8-conejo.wav', 'conejo.png'),
(59, 'Caballo', '9-caballo.wav', 'caballo.png'),
(60, 'Cerdo', '10-cerdo.wav', 'cerdo.png'),
(61, 'Manzana', '1-manzana.wav', 'manzana.png'),
(62, 'Durazno', '2-durazno.wav', 'durazno.png'),
(63, 'Pera', '3-pera.wav', 'pera.png'),
(64, 'Banano', '4-banano.wav', 'banano.png'),
(65, 'Sandia', '5-sandia.wav', 'sandia.png'),
(66, 'Melon', '6-melon.wav', 'melon.png'),
(67, 'Fresa', '7-fresa.wav', 'fresa.png'),
(68, 'Mango','8-mango.wav', 'mango.png'),
(69, 'Naranja', '9-naranja.wav', 'naranja.png'),
(70, 'Papaya', '10-papaya.wav', 'papaya.png'),
(71, 'Escuela', '1-escuela.wav', 'colegio.png'),
(72, 'Director', '2-director.wav', 'director.png'),
(73, 'Maestro', '3-maestro.wav', 'maestro.png'),
(74, 'Estudiante', '4-estudiante.wav', 'Estudiante.png'),
(75, 'Silla', '5-silla.wav', 'silla.png'),
(76, 'Libro', '6-libro.wav', 'libro.png'),
(77, 'Cuaderno', '7-cuaderno.wav', 'cuaderno.png'),
(78, 'Crayon','8-crayon.wav', 'crayon.png'),
(79, 'Lapiz', '9-lapiz.wav', 'lapiz.png'),
(80, 'Lapicero', '10-lapicero.wav', 'lapicero.png'),

(81, 'Zanahoria', '1-zanahoria.wav', 'zanahoria.png'),
(82, 'Yuca', '2-yuca.wav', 'yuca.png'),
(83, 'Papa', '3-papa.wav', 'papa.png'),
(84, 'Tomate', '4-tomate.wav', 'tomate.png'),
(85, 'Cebolla', '5-cebolla.wav', 'cebolla.png'),
(86, 'Maiz', '6-maiz.wav', 'maiz.png'),
(87, 'Aguacate', '7-aguacate.wav', 'aguacate.png'),
(88, 'Chile','8-chile.wav', 'chile.png'),
(89, 'Rabano', '9-rabano.wav', 'rabano.png'),
(90, 'Guisquil', '10-guisquil.wav', 'guisquil.png'),
(91, 'Comida', '1-comida.wav', 'comida.png'),
(92, 'Tortilla', '2-tortilla.wav', 'tortilla.png'),
(93, 'Cafe', '3-cafe.wav', 'cafe.png'),
(94, 'Huevo', '4-huevo.wav', 'huevo.png'),
(95, 'Carne', '5-carne.wav', 'carne.png'),
(96, 'Cereal', '6-cereal.wav', 'cereal.png'),
(97, 'Pan', '7-pan.wav', 'pan.png'),
(98, 'Frijol','8-frijol.wav', 'frijol.png'),
(99, 'Pescado', '9-pescado.wav', 'pescado.png'),
(100, 'Miel', '10-miel.wav', 'miel.png'),

(101, 'Ropa', '1-ropa.wav', 'ropa.png'),
(102, 'Sombrero', '2-sombrero.wav', 'sombrero.png'),
(103, 'Chaleco', '3-chaleco.wav', 'chaleco.png'),
(104, 'Camisa', '4-camisa.wav', 'camisa.png'),
(105, 'Blusa', '5-blusa.wav', 'blusa.png'),
(106, 'Pantalon', '6-pantalon.wav', 'pantalon.png'),
(107, 'Falda', '7-falda.wav', 'falda.png'),
(108, 'Calcetin','8-calcetin.wav', 'calcetin.png'),
(109, 'Zapato', '9-zapato.wav', 'zapato.png'),
(110, 'Botas', '10-botas.wav', 'botas.png'),

(111, 'Biblioteca', '1-biblioteca.wav', 'biblioteca.png'),
(112, 'Cementerio', '2-cementerio.wav', 'cementerio.png'),
(113, 'Farmacia', '3-farmacia.wav', 'farmacia.png'),
(114, 'Ferreteria', '4-ferreteria.wav', 'ferreteria.png'),
(115, 'Iglesia', '5-iglesia.wav', 'iglesia.png'),
(116, 'Hospital', '6-hospital.wav', 'hospital.png'),
(117, 'Banco', '7-banco.wav', 'banco.png'),
(118, 'Salon','8-salon.wav', 'salon de belleza.png'),
(119, 'Restaurante', '9-restaurante.wav', 'restaurante.png'),
(120, 'Mercado', '10-mercado.wav', 'mercado.png'),

(121, 'Planeta', '1-planeta.wav', 'planeta.png'),
(122, 'Agua', '2-agua.wav', 'agua.png'),
(123, 'Tierra', '3-tierra.wav', 'tierra.png'),
(124, 'Fuego', '4-fuego.wav', 'fuego.png'),
(125, 'Aire', '5-aire.wav', 'aire.png'),
(126, 'Arcoiris', '6-arcoiris.wav', 'arcoiris.png'),
(127, 'Rio', '7-rio.wav', 'rio.png'),
(128, 'Bosque','8-bosque.wav', 'bosque.png'),
(129, 'Animal', '9-animal.wav', 'animal.png'),
(130, 'Flor', '10-flor.wav', 'flor.png'),

(131, 'Edificio', '1-edificio.wav', 'edificio.png'),
(132, 'Avenida', '2-avenida.wav', 'avenida.png'),
(133, 'Calle', '3-calle.wav', 'calle.png'),
(134, 'Puente', '4-puente.wav', 'puente.png'),
(135, 'Estadio', '5-estadio.wav', 'estadio.png'),
(136, 'Parque', '6-parque.wav', 'parque.png'),
(137, 'Senal', '7-senal.wav', 'senaldetransito.png'),
(138, 'Semaforo','8-semaforo.wav', 'semaforo.png'),
(139, 'Carretera', '9-carretera.wav', 'carretera.png'),
(140, 'Cine', '10-cine.wav', 'cine.png'),

(141, 'Albanil', '1-albanil.wav', 'albanil.png'),
(142, 'Juez', '2-juez.wav', 'juez.png'),
(143, 'Policia', '3-policia.wav', 'policia.png'),
(144, 'Doctor', '4-doctor.wav', 'doctor.png'),
(145, 'Electricista', '5-electricista.wav', 'electricista.png'),
(146, 'Enfermera', '6-enfermera.wav', 'enfermera.png'),
(147, 'Cocinero', '7-cocinero.wav', 'cocinero.png'),
(148, 'Musico','8-musico.wav', 'musico.png'),
(149, 'Programador', '9-programador.wav', 'programador.png'),
(150, 'Ingeniero', '10-ingeniero.wav', 'ingeniero.png'),

(151, 'Tecnologia', '1-tecnologia.wav', 'tecnologia.png'),
(152, 'Red', '2-red.wav', 'red.png'),
(153, 'Computadora', '3-computadora.wav', 'computadora.png'),
(154, 'Telefono', '4-telefono.wav', 'telefono.png'),
(155, 'Monitor', '5-monitor.wav', 'monitor.png'),
(156, 'Teclado', '6-teclado.wav', 'teclado.png'),
(157, 'Programa','7-programa.wav', 'programa.png'),
(158, 'Antivirus', '8-antivirus.wav', 'antivirus.png'),
(159, 'Innalambrico', '9-innalambrico.wav', 'inalambrico.png'),
(160, 'Nube', '10-nube.wav', 'nube.png');

INSERT INTO `vocabularioIngles` (`idvocabularioIngles`, `palabraIngles`, `sonidoIngles`, `imagenIngles`) VALUES
(1, 'Family', '1-family.m4a', 'familia.png'),
(2, 'Father', '2-father.m4a', 'padre.png'),
(3, 'Mother', '3-mother.m4a', 'madre.png'),
(4, 'Son', '4-son.m4a', 'hijo.png'),
(5, 'Daughter', '5-daughter.m4a', 'hija.png'),
(6, 'Grandfather', '6-grandfather.m4a', 'abuelo.png'),
(7, 'Grandmother', '7-grandmother.m4a', 'abuela.png'),
(8, 'Grandchild', '8-grandchild.m4a', 'nieto.png'),
(9, 'Uncle', '9-uncle.m4a', 'tio.png'),
(10, 'Nephew', '10-nephew.m4a', 'sobrino.png'),
-- Colors
(11, 'Colors', '1-colors.m4a', 'colores.png'),
(12, 'Red', '2-red.m4a', 'rojo.png'),
(13, 'Blue', '3-blue.m4a', 'azul.png'),
(14, 'Green', '4-green.m4a', 'verde.png'),
(15, 'Yellow', '5-yellow.m4a', 'amarillo.png'),
(16, 'Orange', '6-orange.m4a', 'anaranjado.png'),
(17, 'Brown', '7-brown.m4a', 'cafe.png'),
(18, 'White', '8-white.m4a', 'blanco.png'),
(19, 'Black', '9-black.m4a', 'Negro.png'),
(20, 'Gray', '10-gray.m4a', 'gris.png'),
-- Days
(21, 'Day', '1-day.m4a', 'dias.png'),
(22, 'Sunday', '2-sunday.m4a', 'comingo.png'),
(23, 'Monday', '3-monday.m4a', 'lunes.png'),
(24, 'Tuesday', '4-tuesday.m4a', 'martes.png'),
(25, 'Wednesday', '5-wednesday.m4a', 'miercoles.png'),
(26, 'Thursday', '6-thursday.m4a', 'juevez.png'),
(27, 'Friday', '7-friday.m4a', 'viernes.png'),
(28, 'Saturday', '8-saturday.m4a', 'sabado.png'),
(29, 'Month', '9-month.m4a', 'mes.png'),
(30, 'Year', '10-year.m4a', ''),
-- Numbers
(31, 'Zero', '1-zero.m4a', 'cero.png'),
(32, 'One', '2-one.m4a', 'uno.png'),
(33, 'Two', '3-two.m4a', 'dos.png'),
(34, 'Three', '4-three.m4a', 'tres.png'),
(35, 'Four', '5-four.m4a', 'cuatro.png'),
(36, 'Five', '6-five.m4a', 'cinco.png'),
(37, 'Six', '7-six.m4a', 'seis.png'),
(38, 'Seven', '8-seven.m4a', 'siete.png'),
(39, 'Eight', '9-eight.m4a', 'ocho.png'),
(40, 'Nine', '10-nine.m4a', 'nueve.png'),
-- The body
(41, 'Head', '1-head.m4a', 'cabeza.png'),
(42, 'Hair', '2-hair.m4a', 'cabello.png'),
(43, 'Eyes', '3-eyes.m4a', 'ojo.png'),
(44, 'Nose', '4-nose.m4a', 'nariz.png'),
(45, 'Ear', '5-ear.m4a', 'oido.png'),
(46, 'Mouth', '6-mouth.m4a', 'boca.png'),
(47, 'Thooth', '7-thooth.m4a', 'diente.png'),
(48, 'Tongue', '8-tongue.m4a', 'lengua.png'),
(49, 'Hand', '9-hand.m4a', 'mano.png'),
(50, 'Foot', '10-foot.m4a', 'pie.png'),
-- Animals
(51, 'Dog', '1-dog.m4a', 'perro.png'),
(52, 'Cat', '2-cat.m4a', 'gato.png'),
(53, 'Duck', '3-duck.m4a', 'pato.png'),
(54, 'Olw', '4-olw.m4a', 'buho.png'),
(55, 'Butterfly', '5-butterfly.m4a', 'mariposa.png'),
(56, 'Rooster', '6-rooster.m4a', 'gallo.png'),
(57, 'Chicken', '7-chicken.m4a', 'gallina.png'),
(58, 'Rabbit', '8-rabbit.m4a', 'conejo.png'),
(59, 'Horse', '9-horse.m4a', 'caballo.png'),
(60, 'Cerdo', '10-pig.m4a', 'cerdo.png'),
-- Fruits
(61, 'Apple', '1-apple.m4a', 'manzana.png'),
(62, 'Peach', '2-peach.m4a', 'durazno.png'),
(63, 'Pear', '3-pear.m4a', 'pera.png'),
(64, 'Banana', '4-banana.m4a', 'banano.png'),
(65, 'Watermelon', '5-watermelon.m4a', 'sandia.png'),
(66, 'Melon', '6-melon.m4a', 'melon.png'),
(67, 'Strawberry', '7-strawberry.m4a', 'fresa.png'),
(68, 'Mango', '8-mango.m4a', 'mango.png'),
(69, 'Orange', '9-orange.m4a', 'naranja.png'),
(70, 'Papaya', '10-papaya.m4a', 'papaya.png'),
-- School
(71, 'School', '1-school.m4a', 'Colegio.png'),
(72, 'Principal', '2-principal.m4a', 'director.png'),
(73, 'Teacher', '3-teacher.m4a', 'maestro.png'),
(74, 'Student', '4-student.m4a', 'Estudiante.png'),
(75, 'Chair', '5-chair.m4a', 'silla.png'),
(76, 'Book', '6-book.m4a', 'libro.png'),
(77, 'Notebook', '7-notebook.m4a', 'cuaderno.png'),
(78, 'Crayon', '8-crayon.m4a', 'crayon.png'),
(79, 'Pencil', '9-pencil.m4a', 'lapiz.png'),
(80, 'Pen', '10-pen.m4a', 'lapicero.png'),
-- Vegetables
(81, 'Carrot', '1-carrot.m4a', 'zanahoria.png'),
(82, 'Yucca', '2-yucca.m4a', 'yuca.png'),
(83, 'Potato', '3-potato.m4a', 'papa.png'),
(84, 'Tomato', '4-tomato.m4a', 'tomate.png'),
(85, 'Onion', '5-onion.m4a', 'cebolla.png'),
(86, 'Corn', '6-corn.m4a', 'maiz.png'),
(87, 'Avocado', '7-avocado.m4a', 'aguacate.png'),
(88, 'Chile', '8-chile.m4a', 'chile.png'),
(89, 'Radish', '9-radish.m4a', 'rabano.png'),
(90, 'Squash', '10-squash.m4a', 'guisquil.png'),
-- Food
(91, 'Food', '1-food.m4a', 'comida.png'),
(92, 'Tortilla', '2-tortilla.m4a', 'tortilla.png'),
(93, 'Coffee', '3-coffee.m4a', 'cafe.png'),
(94, 'Egg', '4-egg.m4a', 'huevo.png'),
(95, 'Meat', '5-meat.m4a', 'carne.png'),
(96, 'Cereal', '6-cereal.m4a', 'cereal.png'),
(97, 'Bread', '7-bread.m4a', 'pan.png'),
(98, 'Bean', '8-bean.m4a', 'frijol.png'),
(99, 'Fish', '9-fish.m4a', 'pescado.png'),
(100, 'Honey', '10-honey.m4a', 'miel.png'),
-- Clothes
(101, 'Clothes', '1-clothes.m4a', 'ropa.png'),
(102, 'Hat', '2-hat.m4a', 'sombrero.png'),
(103, 'Vest', '3-vest.m4a', 'chaleco.png'),
(104, 'Shirt', '4-shirt.m4a', 'camisa.png'),
(105, 'Blouse', '5-blouse.m4a', 'blusa.png'),
(106, 'Pants', '6-pants.m4a', 'pantalon.png'),
(107, 'Skirt', '7-skirt.m4a', 'falda.png'),
(108, 'Sock', '8-sock.m4a', 'calcetin.png'),
(109, 'Shoe', '9-shoe.m4a', 'zapato.png'),
(110, 'Boots', '10-boots.m4a', 'botas.png'),
-- Places
(111, 'Library', '1-library.m4a', 'biblioteca.png'),
(112, 'Cementery', '2-cementery.m4a', 'cementerio.png'),
(113, 'Pharmacy', '3-pharmacy.m4a', 'farmacia.png'),
(114, 'Hardware Store', '4-hardware-store.m4a', 'ferreteria.png'),
(115, 'Church', '5-church.m4a', 'iglesia.png'),
(116, 'Hospital', '6-hospital.m4a', 'hospital.png'),
(117, 'Bank', '7-bank.m4a', 'banco.png'),
(118, 'Beauty Salon', '8-beauty-salon.m4a', 'salondebelleza.png'),
(119, 'Restaurant', '9-restaurant.m4a', 'restaurante.png'),
(120, 'Market', '10-market.m4a', 'mercado.png'),
-- Planet
(121, 'Planet', '1-planet.m4a', 'planeta.png'),
(122, 'Water', '2-water.m4a', 'agua.png'),
(123, 'Ground', '3-ground.m4a', 'tierra.png'),
(124, 'Fire', '4-fire.m4a', 'fuego.png'),
(125, 'Air', '5-air.m4a', 'aire.png'),
(126, 'Rainbow', '6-rainbow.m4a', 'arcoiris.png'),
(127, 'River', '7-river.m4a', 'rio.png'),
(128, 'Forest', '8-forest.m4a', 'bosque.png'),
(129, 'Animal', '9-animal.m4a', 'animal.png'),
(130, 'Flower', '10-flower.m4a', 'flor.png'),
-- City
(131, 'Building', '1-building.m4a', 'edificio.png'),
(132, 'Avenue', '2-avenue.m4a', 'avenida.png'),
(133, 'Street', '3-street.m4a', 'calle.png'),
(134, 'Bridge', '4-bridge.m4a', 'puente.png'),
(135, 'Stadium', '5-stadium.m4a', 'estadio.png'),
(136, 'Park', '6-park.m4a', 'parque.png'),
(137, 'Traffic Signals', '7-traffic-signals.m4a', 'señaldetransito.png'),
(138, 'Semaphore', '8-semaphore.m4a', 'semaforo.png'),
(139, 'Road', '9-road.m4a', 'carretera.png'),
(140, 'Cinema', '10-cinema.m4a', 'cine.png'),
-- Professions
(141, 'Builder', '1-builder.m4a', 'albañil.png'),
(142, 'Judge', '2-judge.m4a', 'juez.png'),
(143, 'Police', '3-police.m4a', 'policia.png'),
(144, 'Doctor', '4-doctor.m4a', 'doctor.png'),
(145, 'Electricist', '5-electricist.m4a', 'electricista.png'),
(146, 'Nurse', '6-nurse.m4a', 'enfermera.png'),
(147, 'Chef', '7-chef.m4a', 'cocinero.png'),
(148, 'Musician', '8-musician.m4a', 'musico.png'),
(149, 'Developer', '9-developer.m4a', 'programador.png'),
(150, 'Engineer', '10-engineer.m4a', 'ingeniero.png'),
-- Tech
(151, 'tecnologhy', '1-tecnologhy.m4a', 'tecnologia.png'),
(152, 'network', '2-network.m4a', 'red.png'),
(153, 'computer', '3-computer.m4a', 'computadora.png'),
(154, 'phone', '4-phone.m4a', 'telefono.png'),
(155, 'display', '5-display.m4a', 'monitor.png'),
(156, 'keyboard', '6-keyboard.m4a', 'teclado.png'),
(157, 'software', '7-software.m4a', 'programa.png'),
(158, 'antivirus', '8-antivirus.m4a', 'antivirus.png'),
(159, 'wiriless', '9-wiriless.m4a', 'innalambrico.png'),
(160, 'Cloud', '10-cloud.m4a', 'nube.png');

INSERT INTO `vocabulariokiche` (`idvocabularioKiche`, `palabraKiche`, `sonidokiche`, `imagenkiche`) VALUES
(1, 'alaxik', '1-alaxik.wav', 'familia.png'),
(2, 'tat', '2-tat.wav', 'padre.png'),
(3, 'nan', '3-nan.wav', 'madre.png'),
(4, 'alk\'wal', '4-alk\'wal.wav', 'hijo.png'),
(5, 'alk\'wal', '5-alk\'wal.wav', 'hija.png'),
(6, 'tatanol', '6-tatanol.wav', 'abuelo.png'),
(7, 'ati\'t', '7-ati\'t.wav', 'abuela.png'),
(8, 'inam','8-inam.wav', 'nieto.png'),
(9, 'ikan', '9-ikan.wav', 'tio.png'),
(10, 'ikaq', '10-ikaq.wav', 'sobrino.png'),

(11, 'ukayib\'al jastaq', '1-ukayib\'al jastaq.wav', 'colores.png'),
(12, 'kaq', '2-kaq.wav', 'rojo.png'),
(13, 'xar', '3-xar.wav', 'azul.png'),
(14, 'rax', '4-rax.wav', 'verde.png'),
(15, 'q\'an', '5-q\'an.wav', 'amarillo.png'),
(16, 'kaqkoj', '6-kaqkoj.wav', 'anaranjado.png'),
(17, 'qako\'r', '7-qako\'r.wav', 'cafe.png'),
(18, 'saq','8-saq.wav', 'blanco.png'),
(19, 'q\'eq', '9-q\'eq.wav', 'negro.png'),
(20, 'chaj', '10-chaj.wav', 'gris.png'),
(21, 'q\'ij', '1-q\'ij.wav', 'dias.png'),
(22, 'nab\'e q\'ij', '2-nab\'e q\'ij.wav', 'domingo.png'),
(23, 'ukab\'q\'ij', '3-ukab\'q\'ij.wav', 'lunes.png'),
(24, 'roxq\'ij', '4-roxq\'ij.wav', 'martes.png'),
(25, 'ukajq\'ij', '5-ukajq\'ij.wav', 'miercoles.png'),
(26, 'ro\'q\'ij', '6-ro\'q\'ij.wav', 'juevez.png'),
(27, 'uwaqq\'ij', '7-uwaqq\'ij.wav', 'viernes.png'),
(28, 'uwuqq\'ij','8-uwuqq\'ij.wav', 'sabado,png'),
(29, 'ik\'', '9-ik\'.wav', 'mes.png'),
(30, 'junab\'', '10-junab\'.wav', 'ano.png'),
(31, 'wa\'ix', '1-wa\'ix.wav', 'cero.png'),
(32, 'jun', '2-jun.wav', 'uno.png'),
(33, 'ka\'ib\'', '3-ka\'ib\'.wav', 'dos.png'),
(34, 'oxib\'', '4-oxib\'.wav', 'tres.png'),
(35, 'kajib\'', '5-kajib\'.wav', 'cuatro.png'),
(36, 'job\'', '6-job\'.wav', 'cinco.png'),
(37, 'waqib\'','7-waqib\'.wav', 'seis.png'),
(38, 'wuqub\'', '8-wuqub\'.wav', 'siete.png'),
(39, 'waqxaqib\'', '9-waqxaqib\'.wav', 'ocho.png'),
(40, 'b\'elejeb\'', '10-b\'elejeb\'.wav', 'nueve.png'),

(41, 'jolomaj', '1-jolomaj.wav', 'cabeza.png'),
(42, 'wi\'aj', '2-wi\'aj.wav', 'cabello.png'),
(43, 'b\'oq\'ochaj', '3-b\'oq\'ochaj.wav', 'ojo.png'),
(44, 'tza\'maj', '4-tza\'maj.wav', 'nariz.png'),
(45, 'tab\'al', '5-tab\'al.wav', 'oido.png'),
(46, 'chi\'aj', '6-chi\'aj.wav', 'boca.png'),
(47, 'ware', '7-ware.wav', 'diente.png'),
(48, 'aq\'','8-aq\'.wav', 'lengua.png'),
(49, 'q\'ab\'aj', '9-q\'ab\'aj.wav', 'mano.png'),
(50, 'aqanaj', '10-aqanaj.wav', 'pie.png'),

(51, 'tz\'i\'', '1-tz\'i\'.wav', 'perro.png'),
(52, 'me\'s', '2-me\'s.wav', 'gato.png'),
(53, 'patux', '3-patux.wav', 'pato.png'),
(54, 'tukur', '4-tukur.wav', 'buho.png'),
(55, 'pepe', '5-pepe.wav', 'mariposa.png'),
(56, 'ama\'ak', '6-ama\'ak.wav', 'gallo.png'),
(57, 'ak\'', '7-ak\'.wav', 'gallina.png'),
(58, 'imul','8-imul.wav', 'conejo.png'),
(59, 'kej', '9-kej.wav', 'caballo.png'),
(60, 'aq', '10-aq.wav', 'cerdo.png'),

(61, 'mansa\'n', '1-mansa\'n.wav', 'manzana.png'),
(62, 'tiko\'n', '2-tiko\'n.wav', 'durazno.png'),
(63, 'raxtzu', '3-raxtzu.wav', 'pera.png'),
(64, 'ankane\'y', '4-ankane\'y.wav', 'banano.png'),
(65, 'kaqaq\'oq', '5-kaqaq\'oq.wav', 'sandia.png'),
(66, 'q\'anq\'oq\'', '6-q\'anq\'oq\'.wav', 'melon.png'),
(67, 'kab\'tukan', '7-kab\'tukan.wav', 'fresa.png'),
(68, 'mank','8-mank.wav', 'mango.png'),
(69, 'alanxax', '9-alanxax.wav', 'naranja.png'),
(70, 'q\'anq\'oj q\'oq\'', '10-q\'anq\'oj q\'oq\'.wav', 'papaya.png'),

(71, 'tijob\'al', '1-tijob\'al.wav', 'escuela.png'),
(72, 'k\'amalb\'e', '2-k\'amalb\'e.wav', 'director.png'),
(73, 'ajtij', '3-ajtij.wav', 'maestro.png'),
(74, 'tijoxel', '4-tijoxel.wav', 'estudiante.png'),
(75, 'tem', '5-tem.wav', 'silla.png'),
(76, 'no\'jib\'al wuj', '6-no\'jib\'al wuj.wav', 'libro.png'),
(77, 'wuj re tz\'ib\'anik', '7-wuj re tz\'ib\'anik.wav', 'cuaderno.png'),
(78, 'ajb\'äl','8-ajb\'äl.wav', 'crayon.png'),
(79, 'che\'tz\'ib\'ab\'äl', '9-che\'tz\'ib\'ab\'äl.wav', 'lapiz.png'),
(80, 'tz\'ib\'ab\'al', '10-tz\'ib\'ab\'al.wav', 'lapicero.png'),

(81, 'keqkojxe\'e', '1-keqkojxe\'e.wav', 'zanahoria.png'),
(82, 'tz\'in', '2-tz\'in.wav', 'yuca.png'),
(83, 'saqwach', '3-saqwach.wav', 'papa.png'),
(84, 'pix', '4-pix.wav', 'tomate.png'),
(85, 'sipoyix', '5-sipoyix.wav', 'cebolla.png'),
(86, 'ixim', '6-ixim.wav', 'maiz.png'),
(87, 'oj', '7-oj.m4a', 'aguacate.png'),
(88, 'ik','8-ik.wav', 'chile.png'),
(89, 'kyeqichaq', '9-kyeqichaq.wav', 'rabano.png'),
(90, 'k\'ix', '10-k\'ix.wav', 'guisquil.png'),

(91, 'rikil', '1-rikil.wav', 'comida.png'),
(92, 'lej', '2-lej.wav', 'tortilla.png'),
(93, 'kape', '3-kape.wav', 'cafe.png'),
(94, 'saqmo\'l', '4-saqmo\'l.wav', 'huevo.png'),
(95, 'ti\'ij', '5-ti\'ij.wav', 'carne.png'),
(96, 'loq\'om wotz\'otz\'', '6-loq\'om wotz\'otz\'.wav', 'cereal.png'),
(97, 'kaxlanwa', '7-kaxlanwa.wav', 'pan.png'),
(98, 'kinaq\'','8-kinaq\'.wav', 'frijol.png'),
(99, 'al', '9-al.wav', 'pescado.png'),
(100, 'raxkab\'', '10-raxkab\'.wav', 'miel.png'),

(101, 'atz\'iyaq', '1-atz\'iyaq.wav', 'ropa.png'),
(102, 'pawi\'', '2-pawi\'.wav', 'chaleco.png'),
(103, 'rijxa\'', '3-rijxa\'.wav', 'sombrero.png'),
(104, 'xa\'aj', '4-xa\'aj.wav', 'camisa.png'),
(105, 'ixatz\'yaqb\'äl', '5-ixatz\'yaqb\'al.wav', 'blusa.png'),
(106, 'Wexaj', '6-wexaj.wav', 'pantalon.png'),
(107, 'kut uq', '7-kut uq.wav', 'falda.png'),
(108, 'meri\'x','8-meri\'x.wav', 'calcetin.png'),
(109, 'xajab\'', '9-xajab\'.wav', 'zapato.png'),
(110, 'tuqxajab\'', '10-tuqxajab\'.wav', 'botas.png'),

(111, 'nik\'owjib\'äl', '1-nik\'owjib\'äl.wav', 'biblioteca.png'),
(112, 'muqub\'al kaminaqib\'', '2-muqub\'al kaminaqib\'.wav', 'cementerio.png'),
(113, 'k\'aykunub\'äl', '3-k\'aykunub\'äl.wav', 'farmacia.png'),
(114, 'k\'ayb\'äl chakub\'äl', '4-k\'ayb\'äl chakub\'äl.wav', 'ferreteria.png'),
(115, 'tyoxaja', '5-tyoxaja.wav', 'iglesia.png'),
(116, 'ja kununib\'äl', '6-ja kununib\'äl.wav', 'hospital.png'),
(117, 'pwaqb\'äl ja', '7-pwaqb\'äl ja.wav', 'banco.png'),
(118, 'suk\'b\'äl ib\'','8-suk\'b\'äl ib\'.wav', 'salon de belleza.png'),
(119, 'wa\'b\'äl', '9-wa\'b\'äl.wav', 'restaurante.png'),
(120, 'k\'ayib\'al', '10-k\'ayib\'al.wav', 'mercado.png'),

(121, 'kajulew','1-kajulew.wav','planeta.png'),
(122, 'ja\'','2-ja\'.wav','rio.png'),
(123, 'ulew','3-ulew.wav','tierra.png'),
(124, 'q\'aq\'','4-q\'aq\'.wav','fuego.png'),
(125, 'kaqiq\'','5-kaqiq\'.wav','aire.png'),
(126, 'raxkyaq\'ab\'','6-raxkyaq\'ab\'.wav','arcoiris.png'),
(127, 'nimaja\'','7-nimaja\'.wav','rio.png'),
(128, 'k\'ache\'aj','8-k\'ache\'aj.wav','bosque.png'),
(129, 'awaj','9-awaj.wav','animal.png'),
(130, 'kotz\'ij','10-kotz\'ij.wav','flor.png'),

(131, 'q\'a\'mja', '1-q\'a\'mja.wav', 'edificio.png'),
(132, 'raqän b\'e', '2-raqän b\'e.wav', 'avenida.png'),
(133, 'nimab\'e', '3-nimab\'e.wav', 'calle.png'),
(134, 'q\'a\'m', '4-q\'a\'m.wav', 'puente.png'),
(135, 'kikbäl', '5-kikbäl.wav', 'estadio.png'),
(136, 'uxlanib\'äl', '6-uxlanib\'äl.wav', 'parque.png'),
(137, 'signals-k\'utb\'e', '7-signals-k\'utb\'e.wav', 'señal de transito.png'),
(138, 'k\'utq\'axb\'äl','8-k\'utq\'axb\'äl.wav', 'semaforo.png'),
(139, 'nim-b\'e', '9-nim-b\'e.wav', 'carretera.png'),
(140, 'k\'utb\'äl wäch', '10-k\'utb\'äl wäch.wav', 'cine.png'),


(141, 'ajyakal ja', '1-ajyakal ja.wav', 'albañil.png'),
(142, 'q\'atöl tzij', '2-q\'atöl tzij.wav', 'juez.png'),
(143, 'chajinel', '3-chajinel.wav', 'policia.png'),
(144, 'ajkun', '4-ajkun.wav', 'doctor.png'),
(145, 'ajk\'amq\'aq\'', '5-ajk\'amq\'aq\'.wav', 'electricista.png'),
(146, 'ajyab\'', '6-ajyab\'.wav', 'enfermera.png'),
(147, 'ajb\'anal wa', '7-ajb\'anal wa.wav', 'cocinero.png'),
(148, 'q\'ojomnel','8-q\'ojomnel.wav', 'musico.png'),
(149, 'nuk\'b\'anel', '9-nuk\'b\'anel.wav', 'programador.png'),
(150, 'ajpuqno\'jibäl', '10-ajpuqno\'jibäl.wav', 'ingeniero.png'),

(151, 'no\'jb\'anem', '1-no\'jb\'anem.wav', 'tecnologia.png'),
(152, 'k\'at', '2-k\'at.wav', 'red.png'),
(153, 'kematz\'ib\'', '3-kematz\'ib\'.wav', 'computadora.png'),
(154, 'ch\'awib\'äl', '4-ch\'awib\'äl.wav', 'telefono.png'),
(155, 'iltz\'ib\'', '5-iltz\'ib\'.wav', 'monitor.png'),
(156, 'taktakb\'äl', '6-taktakb\'äl.wav', 'teclado.png'),
(157, 'nuk\'wäch', '7-nuk\'wäch.wav', 'programa.png'),
(158, 'xib\'ab\'äl k\'ajnak\'', '9-xib\'ab\'äl k\'ajnak\'.wav', 'antivirus.png'),
(159, 'makolob\'', '10-makolob\'.wav', 'inalambrico.png'),
(160, 'sutz\'', '10-sutz\'.wav', 'nube.png');

INSERT INTO modulolenguas 
values(1,1,1,1,1),(2,2,2,2,1),(3,3,3,3,1),(4,4,4,4,1),(5,5,5,5,1),
(6,6,6,6,1),(7,7,7,7,1),(8,8,8,8,1),(9,9,9,9,1),(10,10,10,10,1),
(11,11,11,11,2),(12,12,12,12,2),(13,13,13,13,2),(14,14,14,14,2),
(15,15,15,15,2),(16,16,16,16,2),(17,17,17,17,2),(18,18,18,18,2),
(19,19,19,19,2),(20,20,20,20,2),(21,21,21,21,3),(22,22,22,22,3),
(23,23,23,23,3),(24,24,24,24,3),(25,25,25,25,3),(26,26,26,26,3),
(27,27,27,27,3),(28,28,28,28,3),(29,29,29,29,3),(30,30,30,30,3),
(31,31,31,31,4),(32,32,32,32,4),(33,33,33,33,4),(34,34,34,34,4),
(35,35,35,35,4),(36,36,36,36,4),(37,37,37,37,4),(38,38,38,38,4),
(39,39,39,39,4),(40,40,40,40,4),(41,41,41,41,5),(42,42,42,42,5),
(43,43,43,43,5),(44,44,44,44,5),(45,45,45,45,5),(46,46,46,46,5),
(47,47,47,47,5),(48,48,48,48,5),(49,49,49,49,5),(50,50,50,50,5),
(51,51,51,51,6),(52,52,52,52,6),(53,53,53,53,6),(54,54,54,54,6),
(55,55,55,55,6),(56,56,56,56,6),(57,57,57,57,6),(58,58,58,58,6),
(59,59,59,59,6),(60,60,60,60,6),(61,61,61,61,7),(62,62,62,62,7),
(63,63,63,63,7),(64,64,64,64,7),(65,65,65,65,7),(66,66,66,66,7),
(67,67,67,67,7),(68,68,68,68,7),(69,69,69,69,7),(70,70,70,70,7),
(71,71,71,71,8),(72,72,72,72,8),(73,73,73,73,8),(74,74,74,74,8),
(75,75,75,75,8),(76,76,76,76,8),(77,77,77,77,8),(78,78,78,78,8),
(79,79,79,79,8),(80,80,80,80,8),(81,81,81,81,9),(82,82,82,82,9),
(83,83,83,83,9),(84,84,84,84,9),(85,85,85,85,9),(86,86,86,86,9),
(87,87,87,87,9),(88,88,88,88,9),(89,89,89,89,9),(90,90,90,90,9),
(91,91,91,91,10),(92,92,92,92,10),(93,93,93,93,10),(94,94,94,94,10),
(95,95,95,95,10),(96,96,96,96,10),(97,97,97,97,10),(98,98,98,98,10),
(99,99,99,99,10),(100,100,100,100,10),(101,101,101,101,11),
(102,102,102,102,11),(103,103,103,103,11),(104,104,104,104,11),
(105,105,105,105,11),(106,106,106,106,11),(107,107,107,107,11),
(108,108,108,108,11),(109,109,109,109,11),(110,110,110,110,11),
(111,111,111,111,12),(112,112,112,112,12),(113,113,113,113,12),
(114,114,114,114,12),(115,115,115,115,12),(116,116,116,116,12),
(117,117,117,117,12),(118,118,118,118,12),(119,119,119,119,12),
(120,120,120,120,12),(121,121,121,121,13),(122,122,122,122,13),
(123,123,123,123,13),(124,124,124,124,13),(125,125,125,125,13),
(126,126,126,126,13),(127,127,127,127,13),(128,128,128,128,13),
(129,129,129,129,13),(130,130,130,130,13),(131,131,131,131,14),
(132,132,132,132,14),(133,133,133,133,14),(134,134,134,134,14),
(135,135,135,135,14),(136,136,136,136,14),(137,137,137,137,14),
(138,138,138,138,14),(139,139,139,139,14),(140,140,140,140,14),
(141,141,141,141,15),(142,142,142,142,15),(143,143,143,143,15),
(144,144,144,144,15),(145,145,145,145,15),(146,146,146,146,15),
(147,147,147,147,15),(148,148,148,148,15),(149,149,149,149,15),
(150,150,150,150,15),(151,151,151,151,16),(152,152,152,152,16),
(153,153,153,153,16),(154,154,154,154,16),(155,155,155,155,16),
(156,156,156,156,16),(157,157,157,157,16),(158,158,158,158,16),
(159,159,159,159,16),(160,160,160,160,16);